#seqId	guideId	targetSeq	mitSpecScore	offtargetCount	targetGenomeGeneLocus	Doench '16-Score	Moreno-Mateos-Score	Out-of-Frame-Score	Lindel-Score
 target150_NC_001140.6_216123_216273	121rev	TCTAGGTCAGTCTTCATTCATGG	100	0	exon:RSC30/YHR056W-A	40	39	63	92	tt
 target150_NC_001140.6_216123_216273	34rev	TGCTAACGATTTAAAATTACTGG	50	1	exon:RSC30/YHR056W-A	21	18	67	75	tt
 target150_NC_001140.6_216123_216273	62forw	TTTAAATCGTTAGCAATTAAAGG	50	2	exon:RSC30/YHR056W-A	25	23	56	83	GrafOK
 target150_NC_001140.6_216123_216273	85forw	AATGTCGTTCGTATCAATAGAGG	50	1	exon:RSC30/YHR056W-A	63	47	50	72	GrafOK
 target150_NC_001140.6_216123_216273	89forw	TCGTTCGTATCAATAGAGGCAGG	50	1	exon:RSC30/YHR056W-A	61	23	59	74	GrafOK
 target150_NC_001140.6_216123_216273	95forw	GTATCAATAGAGGCAGGTATCGG	50	2	exon:RSC30/YHR056W-A	57	53	52	72	GrafOK
 target150_NC_001140.6_216123_216273	102forw	TAGAGGCAGGTATCGGAGATAGG	50	1	exon:RSC30/YHR056W-A	49	77	61	83	GrafOK
 target150_NC_001140.6_216123_216273	115forw	CGGAGATAGGTTTTCAGCAGCGG	50	1	exon:RSC30/YHR056W-A	61	76	64	61	GrafOK
 target150_NC_001140.6_216123_216273	116forw	GGAGATAGGTTTTCAGCAGCGGG	50	1	exon:RSC30/YHR056W-A	48	37	63	43	GrafOK
